state,severity,set_id,key,a_global_id,a_class,a_name,b_global_id,b_class,b_name,clash_type,distance_m,x_m,y_m,z_m
introduced,soft,mep_vs_ceiling,mep_vs_ceiling|mbf5:2K_R2Wt2rnaXzVuEF1l_lP|mbf5:2xc4UXMuWnWE3MsRYfUGgm,2K_R2Wt2rnaXzVuEF1l_lP,IfcCovering,Compound Ceiling:C5 - 108m ACT Ceiling 2X2:4134009,2xc4UXMuWnWE3MsRYfUGgm,IfcFlowController,MCW - NC - Master Clock:Clock:8643920,clearance,0.0346,504284.3572,5141983.3358,239.6877
introduced,soft,mep_vs_ceiling,mep_vs_ceiling|mbf5:2LRh4LrERTBtJzFJZyteEA|mbf5:3lVwEmeDn_Rd6at8wbcaaX,2LRh4LrERTBtJzFJZyteEA,IfcCovering,Compound Ceiling:C5 - 108m ACT Ceiling 2X2:4133872,3lVwEmeDn_Rd6at8wbcaaX,IfcFlowController,MCW - NC - Master Clock:Clock:8648375,clearance,0.0346,504286.9209,5141999.6993,239.6877
introduced,soft,mep_vs_ceiling,mep_vs_ceiling|mbf5:2psF0MS8DlmDj40Vg0ZVnv|mbf5:3Lenc84YKjvShM_0qyUTPd,2psF0MS8DlmDj40Vg0ZVnv,IfcFlowController,MCW - NC - Master Clock:Clock:8640798,3Lenc84YKjvShM_0qyUTPd,IfcCovering,Compound Ceiling:C5 - 108m ACT Ceiling 2X2:4133285,clearance,0.0346,504282.5057,5141971.5181,239.6877
introduced,hard,mep_vs_mep,mep_vs_mep|mbf5:0kjDLHNd27y33KLQf3sdBV|mbf5:2slnYh7rf12qVmvvnfSlWK,0kjDLHNd27y33KLQf3sdBV,IfcFlowTerminal,F2B - Lighting 1x4 - Med Sec:F2B - Lighting 1x4 - Med Sec:5851117,2slnYh7rf12qVmvvnfSlWK,IfcFlowTerminal,F2B - Lighting 1x4 - Med Sec:F2B - Lighting 1x4 - Med Sec:8399606,pierce,0.204724,504290.7743,5141991.3693,239.7973
introduced,hard,mep_vs_mep,mep_vs_mep|mbf5:1z9hPQ$XuDhcGcZB2HjBxF|mbf5:2alR$mKyjtm0wx7ezzPkYc,1z9hPQ$XuDhcGcZB2HjBxF,IfcFlowTerminal,F2 - Lighting 2x4 -GWB:F2 - Lighting 2x4 -GWB:5435210,2alR$mKyjtm0wx7ezzPkYc,IfcFlowSegment,Pipe Types:MCW - Generic:6620986,protrusion,0.043978,504287.1543,5141994.527,239.8428
introduced,hard,mep_vs_mep,mep_vs_mep|mbf5:2alR$mKyjtm0wx7ezzPkYc|mbf5:3UWcf9T$lnVLoDltirruXO,2alR$mKyjtm0wx7ezzPkYc,IfcFlowSegment,Pipe Types:MCW - Generic:6620986,3UWcf9T$lnVLoDltirruXO,IfcFlowTerminal,F2 - Lighting 2x4 -GWB:F2 - Lighting 2x4 -GWB:8399622,protrusion,0.043978,504286.8268,5141994.5784,239.8428
introduced,hard,mep_vs_mep,mep_vs_mep|mbf5:2xz_DZ_0fj7ELW$uFwI749|mbf5:34v02s9fQJeCTThS$N_fiz,2xz_DZ_0fj7ELW$uFwI749,IfcFlowTerminal,Tyco-Upright-TY313:68-B:2109282,34v02s9fQJeCTThS$N_fiz,IfcFlowSegment,Pipe Types:Hcad3 FP Lines - Threaded:2113680,protrusion,0.029362,504286.4228,5141968.807,240.2014
introduced,hard,mep_vs_mep,mep_vs_mep|mbf5:35XkpqlDD7BBmt5QNbJJLl|mbf5:3WTzAN0rei$tr6xzisdJnj,35XkpqlDD7BBmt5QNbJJLl,IfcFlowTerminal,MCW - SA - SPD - Autosize:610x610:6011322,3WTzAN0rei$tr6xzisdJnj,IfcFlowTerminal,MCW - LF - Surface Troffer:2' x 4' Surface - Type 'F2a':5432577,pierce,0.037597,504281.7356,5141972.5568,239.8542
introduced,hard,mep_vs_structure,mep_vs_structure|mbf5:2SR29BbDVmMYjHDDB9h9ZB|mbf5:3EoIIi$ulJf2JSDOw3GOtu,2SR29BbDVmMYjHDDB9h9ZB,IfcWallStandardCase,Basic Wall:P2.2 - 132mm Type 1 Level 2 - STC 45:3961640,3EoIIi$ulJf2JSDOw3GOtu,IfcFlowFitting,MCW - Generic Pipe - Elbow:Standard:8691130,protrusion,0.014437,504288.346,5141988.8215,240.1651
introduced,hard,mep_vs_structure,mep_vs_structure|mbf5:2h1DgVkVVfRHp31xBJyzwg|mbf5:32no_m1df8GAT28VN$V72v,2h1DgVkVVfRHp31xBJyzwg,IfcFlowTerminal,F6 - Lighting 2x4 - Max Sec:F6 - Lighting 2x4 - Max Sec:8389277,32no_m1df8GAT28VN$V72v,IfcSlab,Floor:50mm UnderSlabInsulation:4712022,protrusion,0.032,504283.1787,5141969.8108,236.959
introduced,hard,mep_vs_structure,mep_vs_structure|mbf5:32no_m1df8GAT28VN$V72v|mbf5:3d4BFHtCZ$apbP2H_aFwFH,32no_m1df8GAT28VN$V72v,IfcSlab,Floor:50mm UnderSlabInsulation:4712022,3d4BFHtCZ$apbP2H_aFwFH,IfcFlowTerminal,F6 - Lighting 2x4 - Max Sec:F6 - Lighting 2x4 - Max Sec:8399620,protrusion,0.032,504287.8195,5142000.6729,236.959
